{
  "projectname": "rice_wechat",
  "setting": {
    "compileHotReLoad": true
  },
  "description": "项目私有配置文件。此文件中的内容将覆盖 project.config.json 中的相同字段。项目的改动优先同步到此文件中。详见文档：https://developers.weixin.qq.com/miniprogram/dev/devtools/projectconfig.html",
  "libVersion": "2.27.0",
  "condition": {
    "miniprogram": {
      "list": [
        {
          "name": "1",
          "pathName": "pages/order/order",
          "query": "",
          "scene": null
        },
        {
          "name": "登录",
          "pathName": "pages/login/login",
          "query": "",
          "launchMode": "default",
          "scene": null
        },
        {
          "name": "",
          "pathName": "pages/topass/topass",
          "query": "",
          "launchMode": "default",
          "scene": null
        },
        {
          "name": "注册",
          "pathName": "pages/register/register",
          "query": "",
          "launchMode": "default",
          "scene": null
        }
      ]
    }
  }
}